/home/cpsvision/cps843_project/Data/Images13/Images_1732867517064316_center.jpg,/home/cpsvision/cps843_project/Data/Images13/Images_1732867517064316_right.jpg,/home/cpsvision/cps843_project/Data/Images13/Images_1732867517064316_left.jpg,0.0,0.0,0,0.0
/home/cpsvision/cps843_project/Data/Images13/Images_1732867517273776_center.jpg,/home/cpsvision/cps843_project/Data/Images13/Images_1732867517273776_right.jpg,/home/cpsvision/cps843_project/Data/Images13/Images_1732867517273776_left.jpg,0.0,0.4,0,12.076
/home/cpsvision/cps843_project/Data/Images13/Images_1732867517471162_center.jpg,/home/cpsvision/cps843_project/Data/Images13/Images_1732867517471162_right.jpg,/home/cpsvision/cps843_project/Data/Images13/Images_1732867517471162_left.jpg,0.0,0.4,0,12.076
/home/cpsvision/cps843_project/Data/Images13/Images_1732867517660029_center.jpg,/home/cpsvision/cps843_project/Data/Images13/Images_1732867517660029_right.jpg,/home/cpsvision/cps843_project/Data/Images13/Images_1732867517660029_left.jpg,0.0,0.4,0,12.076
/home/cpsvision/cps843_project/Data/Images13/Images_1732867517879588_center.jpg,/home/cpsvision/cps843_project/Data/Images13/Images_1732867517879588_right.jpg,/home/cpsvision/cps843_project/Data/Images13/Images_1732867517879588_left.jpg,0.0,0.4,0,12.076
/home/cpsvision/cps843_project/Data/Images13/Images_1732867518062176_center.jpg,/home/cpsvision/cps843_project/Data/Images13/Images_1732867518062176_right.jpg,/home/cpsvision/cps843_project/Data/Images13/Images_1732867518062176_left.jpg,0.0,0.4,0,12.076
/home/cpsvision/cps843_project/Data/Images13/Images_1732867518286798_center.jpg,/home/cpsvision/cps843_project/Data/Images13/Images_1732867518286798_right.jpg,/home/cpsvision/cps843_project/Data/Images13/Images_1732867518286798_left.jpg,0.0,0.4,0,12.076
/home/cpsvision/cps843_project/Data/Images13/Images_1732867518477833_center.jpg,/home/cpsvision/cps843_project/Data/Images13/Images_1732867518477833_right.jpg,/home/cpsvision/cps843_project/Data/Images13/Images_1732867518477833_left.jpg,0.0,0.4,0,12.076
/home/cpsvision/cps843_project/Data/Images13/Images_1732867518667818_center.jpg,/home/cpsvision/cps843_project/Data/Images13/Images_1732867518667818_right.jpg,/home/cpsvision/cps843_project/Data/Images13/Images_1732867518667818_left.jpg,0.0,0.4,0,12.076
/home/cpsvision/cps843_project/Data/Images13/Images_1732867518886176_center.jpg,/home/cpsvision/cps843_project/Data/Images13/Images_1732867518886176_right.jpg,/home/cpsvision/cps843_project/Data/Images13/Images_1732867518886176_left.jpg,0.0,0.4,0,12.076
/home/cpsvision/cps843_project/Data/Images13/Images_1732867519072764_center.jpg,/home/cpsvision/cps843_project/Data/Images13/Images_1732867519072764_right.jpg,/home/cpsvision/cps843_project/Data/Images13/Images_1732867519072764_left.jpg,0.0,0.4,0,12.076
/home/cpsvision/cps843_project/Data/Images13/Images_1732867519271496_center.jpg,/home/cpsvision/cps843_project/Data/Images13/Images_1732867519271496_right.jpg,/home/cpsvision/cps843_project/Data/Images13/Images_1732867519271496_left.jpg,0.0,0.4,0,12.076
/home/cpsvision/cps843_project/Data/Images13/Images_1732867519457524_center.jpg,/home/cpsvision/cps843_project/Data/Images13/Images_1732867519457524_right.jpg,/home/cpsvision/cps843_project/Data/Images13/Images_1732867519457524_left.jpg,0.0,0.4,0,12.076
/home/cpsvision/cps843_project/Data/Images13/Images_1732867519547598_center.jpg,/home/cpsvision/cps843_project/Data/Images13/Images_1732867519547598_right.jpg,/home/cpsvision/cps843_project/Data/Images13/Images_1732867519547598_left.jpg,0.0,0.4,0,12.076
/home/cpsvision/cps843_project/Data/Images13/Images_1732867519641232_center.jpg,/home/cpsvision/cps843_project/Data/Images13/Images_1732867519641232_right.jpg,/home/cpsvision/cps843_project/Data/Images13/Images_1732867519641232_left.jpg,0.0,0.4,0,12.076
/home/cpsvision/cps843_project/Data/Images13/Images_1732867519718644_center.jpg,/home/cpsvision/cps843_project/Data/Images13/Images_1732867519718644_right.jpg,/home/cpsvision/cps843_project/Data/Images13/Images_1732867519718644_left.jpg,0.0,0.4,0,12.076
/home/cpsvision/cps843_project/Data/Images13/Images_1732867519900575_center.jpg,/home/cpsvision/cps843_project/Data/Images13/Images_1732867519900575_right.jpg,/home/cpsvision/cps843_project/Data/Images13/Images_1732867519900575_left.jpg,0.5,0.2,0,6.038
/home/cpsvision/cps843_project/Data/Images13/Images_1732867519984684_center.jpg,/home/cpsvision/cps843_project/Data/Images13/Images_1732867519984684_right.jpg,/home/cpsvision/cps843_project/Data/Images13/Images_1732867519984684_left.jpg,0.5,0.2,0,6.038
/home/cpsvision/cps843_project/Data/Images13/Images_1732867520067523_center.jpg,/home/cpsvision/cps843_project/Data/Images13/Images_1732867520067523_right.jpg,/home/cpsvision/cps843_project/Data/Images13/Images_1732867520067523_left.jpg,0.5,0.2,0,6.038
/home/cpsvision/cps843_project/Data/Images13/Images_1732867520260199_center.jpg,/home/cpsvision/cps843_project/Data/Images13/Images_1732867520260199_right.jpg,/home/cpsvision/cps843_project/Data/Images13/Images_1732867520260199_left.jpg,0.5,0.2,0,6.038
/home/cpsvision/cps843_project/Data/Images13/Images_1732867520341141_center.jpg,/home/cpsvision/cps843_project/Data/Images13/Images_1732867520341141_right.jpg,/home/cpsvision/cps843_project/Data/Images13/Images_1732867520341141_left.jpg,0.5,0.2,0,6.038
/home/cpsvision/cps843_project/Data/Images13/Images_1732867520424048_center.jpg,/home/cpsvision/cps843_project/Data/Images13/Images_1732867520424048_right.jpg,/home/cpsvision/cps843_project/Data/Images13/Images_1732867520424048_left.jpg,0.5,0.2,0,6.038
/home/cpsvision/cps843_project/Data/Images13/Images_1732867520510582_center.jpg,/home/cpsvision/cps843_project/Data/Images13/Images_1732867520510582_right.jpg,/home/cpsvision/cps843_project/Data/Images13/Images_1732867520510582_left.jpg,0.5,0.2,0,6.038
/home/cpsvision/cps843_project/Data/Images13/Images_173286752069413_center.jpg,/home/cpsvision/cps843_project/Data/Images13/Images_173286752069413_right.jpg,/home/cpsvision/cps843_project/Data/Images13/Images_173286752069413_left.jpg,0.0,0.4,0,12.076
/home/cpsvision/cps843_project/Data/Images13/Images_173286752089081_center.jpg,/home/cpsvision/cps843_project/Data/Images13/Images_173286752089081_right.jpg,/home/cpsvision/cps843_project/Data/Images13/Images_173286752089081_left.jpg,0.0,0.4,0,12.076
/home/cpsvision/cps843_project/Data/Images13/Images_1732867520985742_center.jpg,/home/cpsvision/cps843_project/Data/Images13/Images_1732867520985742_right.jpg,/home/cpsvision/cps843_project/Data/Images13/Images_1732867520985742_left.jpg,0.0,0.4,0,12.076
/home/cpsvision/cps843_project/Data/Images13/Images_1732867521072956_center.jpg,/home/cpsvision/cps843_project/Data/Images13/Images_1732867521072956_right.jpg,/home/cpsvision/cps843_project/Data/Images13/Images_1732867521072956_left.jpg,0.0,0.4,0,12.076
/home/cpsvision/cps843_project/Data/Images13/Images_1732867521262798_center.jpg,/home/cpsvision/cps843_project/Data/Images13/Images_1732867521262798_right.jpg,/home/cpsvision/cps843_project/Data/Images13/Images_1732867521262798_left.jpg,0.0,0.4,0,12.076
/home/cpsvision/cps843_project/Data/Images13/Images_1732867521351094_center.jpg,/home/cpsvision/cps843_project/Data/Images13/Images_1732867521351094_right.jpg,/home/cpsvision/cps843_project/Data/Images13/Images_1732867521351094_left.jpg,0.0,0.4,0,12.076
/home/cpsvision/cps843_project/Data/Images13/Images_1732867521432906_center.jpg,/home/cpsvision/cps843_project/Data/Images13/Images_1732867521432906_right.jpg,/home/cpsvision/cps843_project/Data/Images13/Images_1732867521432906_left.jpg,0.0,0.4,0,12.076
/home/cpsvision/cps843_project/Data/Images13/Images_1732867521507794_center.jpg,/home/cpsvision/cps843_project/Data/Images13/Images_1732867521507794_right.jpg,/home/cpsvision/cps843_project/Data/Images13/Images_1732867521507794_left.jpg,0.0,0.4,0,12.076
/home/cpsvision/cps843_project/Data/Images13/Images_1732867521704061_center.jpg,/home/cpsvision/cps843_project/Data/Images13/Images_1732867521704061_right.jpg,/home/cpsvision/cps843_project/Data/Images13/Images_1732867521704061_left.jpg,0.5,0.2,0,6.038
/home/cpsvision/cps843_project/Data/Images13/Images_1732867521795162_center.jpg,/home/cpsvision/cps843_project/Data/Images13/Images_1732867521795162_right.jpg,/home/cpsvision/cps843_project/Data/Images13/Images_1732867521795162_left.jpg,0.5,0.2,0,6.038
/home/cpsvision/cps843_project/Data/Images13/Images_1732867521992164_center.jpg,/home/cpsvision/cps843_project/Data/Images13/Images_1732867521992164_right.jpg,/home/cpsvision/cps843_project/Data/Images13/Images_1732867521992164_left.jpg,0.5,0.2,0,6.038
/home/cpsvision/cps843_project/Data/Images13/Images_1732867522072212_center.jpg,/home/cpsvision/cps843_project/Data/Images13/Images_1732867522072212_right.jpg,/home/cpsvision/cps843_project/Data/Images13/Images_1732867522072212_left.jpg,0.5,0.2,0,6.038
/home/cpsvision/cps843_project/Data/Images13/Images_1732867522258642_center.jpg,/home/cpsvision/cps843_project/Data/Images13/Images_1732867522258642_right.jpg,/home/cpsvision/cps843_project/Data/Images13/Images_1732867522258642_left.jpg,0.5,0.2,0,6.038
/home/cpsvision/cps843_project/Data/Images13/Images_1732867522350121_center.jpg,/home/cpsvision/cps843_project/Data/Images13/Images_1732867522350121_right.jpg,/home/cpsvision/cps843_project/Data/Images13/Images_1732867522350121_left.jpg,0.5,0.2,0,6.038
/home/cpsvision/cps843_project/Data/Images13/Images_1732867522431662_center.jpg,/home/cpsvision/cps843_project/Data/Images13/Images_1732867522431662_right.jpg,/home/cpsvision/cps843_project/Data/Images13/Images_1732867522431662_left.jpg,0.5,0.2,0,6.038
/home/cpsvision/cps843_project/Data/Images13/Images_1732867522512762_center.jpg,/home/cpsvision/cps843_project/Data/Images13/Images_1732867522512762_right.jpg,/home/cpsvision/cps843_project/Data/Images13/Images_1732867522512762_left.jpg,0.5,0.2,0,6.038
/home/cpsvision/cps843_project/Data/Images13/Images_1732867522604039_center.jpg,/home/cpsvision/cps843_project/Data/Images13/Images_1732867522604039_right.jpg,/home/cpsvision/cps843_project/Data/Images13/Images_1732867522604039_left.jpg,0.5,0.2,0,6.038
/home/cpsvision/cps843_project/Data/Images13/Images_1732867522789666_center.jpg,/home/cpsvision/cps843_project/Data/Images13/Images_1732867522789666_right.jpg,/home/cpsvision/cps843_project/Data/Images13/Images_1732867522789666_left.jpg,0.0,0.4,0,12.076
/home/cpsvision/cps843_project/Data/Images13/Images_1732867522981348_center.jpg,/home/cpsvision/cps843_project/Data/Images13/Images_1732867522981348_right.jpg,/home/cpsvision/cps843_project/Data/Images13/Images_1732867522981348_left.jpg,0.0,0.4,0,12.076
/home/cpsvision/cps843_project/Data/Images13/Images_1732867523067941_center.jpg,/home/cpsvision/cps843_project/Data/Images13/Images_1732867523067941_right.jpg,/home/cpsvision/cps843_project/Data/Images13/Images_1732867523067941_left.jpg,0.0,0.4,0,12.076
/home/cpsvision/cps843_project/Data/Images13/Images_1732867523147476_center.jpg,/home/cpsvision/cps843_project/Data/Images13/Images_1732867523147476_right.jpg,/home/cpsvision/cps843_project/Data/Images13/Images_1732867523147476_left.jpg,0.0,0.4,0,12.076
/home/cpsvision/cps843_project/Data/Images13/Images_1732867523227706_center.jpg,/home/cpsvision/cps843_project/Data/Images13/Images_1732867523227706_right.jpg,/home/cpsvision/cps843_project/Data/Images13/Images_1732867523227706_left.jpg,0.0,0.4,0,12.076
/home/cpsvision/cps843_project/Data/Images13/Images_1732867523314806_center.jpg,/home/cpsvision/cps843_project/Data/Images13/Images_1732867523314806_right.jpg,/home/cpsvision/cps843_project/Data/Images13/Images_1732867523314806_left.jpg,0.0,0.4,0,12.076
/home/cpsvision/cps843_project/Data/Images13/Images_1732867523498066_center.jpg,/home/cpsvision/cps843_project/Data/Images13/Images_1732867523498066_right.jpg,/home/cpsvision/cps843_project/Data/Images13/Images_1732867523498066_left.jpg,0.0,0.4,0,12.076
/home/cpsvision/cps843_project/Data/Images13/Images_173286752368224_center.jpg,/home/cpsvision/cps843_project/Data/Images13/Images_173286752368224_right.jpg,/home/cpsvision/cps843_project/Data/Images13/Images_173286752368224_left.jpg,0.0,0.4,0,12.076
/home/cpsvision/cps843_project/Data/Images13/Images_173286752387779_center.jpg,/home/cpsvision/cps843_project/Data/Images13/Images_173286752387779_right.jpg,/home/cpsvision/cps843_project/Data/Images13/Images_173286752387779_left.jpg,0.0,0.4,0,12.076
/home/cpsvision/cps843_project/Data/Images13/Images_1732867524068886_center.jpg,/home/cpsvision/cps843_project/Data/Images13/Images_1732867524068886_right.jpg,/home/cpsvision/cps843_project/Data/Images13/Images_1732867524068886_left.jpg,0.0,0.4,0,12.076
/home/cpsvision/cps843_project/Data/Images13/Images_1732867524244514_center.jpg,/home/cpsvision/cps843_project/Data/Images13/Images_1732867524244514_right.jpg,/home/cpsvision/cps843_project/Data/Images13/Images_1732867524244514_left.jpg,0.0,0.4,0,12.076
/home/cpsvision/cps843_project/Data/Images13/Images_1732867524427562_center.jpg,/home/cpsvision/cps843_project/Data/Images13/Images_1732867524427562_right.jpg,/home/cpsvision/cps843_project/Data/Images13/Images_1732867524427562_left.jpg,0.0,0.4,0,12.076
/home/cpsvision/cps843_project/Data/Images13/Images_1732867524621367_center.jpg,/home/cpsvision/cps843_project/Data/Images13/Images_1732867524621367_right.jpg,/home/cpsvision/cps843_project/Data/Images13/Images_1732867524621367_left.jpg,0.0,0.4,0,12.076
/home/cpsvision/cps843_project/Data/Images13/Images_1732867524819727_center.jpg,/home/cpsvision/cps843_project/Data/Images13/Images_1732867524819727_right.jpg,/home/cpsvision/cps843_project/Data/Images13/Images_1732867524819727_left.jpg,0.0,0.4,0,12.076
/home/cpsvision/cps843_project/Data/Images13/Images_1732867524998258_center.jpg,/home/cpsvision/cps843_project/Data/Images13/Images_1732867524998258_right.jpg,/home/cpsvision/cps843_project/Data/Images13/Images_1732867524998258_left.jpg,0.0,0.4,0,12.076
/home/cpsvision/cps843_project/Data/Images13/Images_1732867525188507_center.jpg,/home/cpsvision/cps843_project/Data/Images13/Images_1732867525188507_right.jpg,/home/cpsvision/cps843_project/Data/Images13/Images_1732867525188507_left.jpg,0.0,0.4,0,12.076
/home/cpsvision/cps843_project/Data/Images13/Images_1732867525378287_center.jpg,/home/cpsvision/cps843_project/Data/Images13/Images_1732867525378287_right.jpg,/home/cpsvision/cps843_project/Data/Images13/Images_1732867525378287_left.jpg,0.0,0.4,0,12.076
/home/cpsvision/cps843_project/Data/Images13/Images_1732867525562123_center.jpg,/home/cpsvision/cps843_project/Data/Images13/Images_1732867525562123_right.jpg,/home/cpsvision/cps843_project/Data/Images13/Images_1732867525562123_left.jpg,0.0,0.4,0,12.076
/home/cpsvision/cps843_project/Data/Images13/Images_1732867525745124_center.jpg,/home/cpsvision/cps843_project/Data/Images13/Images_1732867525745124_right.jpg,/home/cpsvision/cps843_project/Data/Images13/Images_1732867525745124_left.jpg,0.0,0.4,0,12.076
/home/cpsvision/cps843_project/Data/Images13/Images_1732867525843264_center.jpg,/home/cpsvision/cps843_project/Data/Images13/Images_1732867525843264_right.jpg,/home/cpsvision/cps843_project/Data/Images13/Images_1732867525843264_left.jpg,0.0,0.4,0,12.076
/home/cpsvision/cps843_project/Data/Images13/Images_1732867525932135_center.jpg,/home/cpsvision/cps843_project/Data/Images13/Images_1732867525932135_right.jpg,/home/cpsvision/cps843_project/Data/Images13/Images_1732867525932135_left.jpg,0.0,0.4,0,12.076
/home/cpsvision/cps843_project/Data/Images13/Images_1732867526022993_center.jpg,/home/cpsvision/cps843_project/Data/Images13/Images_1732867526022993_right.jpg,/home/cpsvision/cps843_project/Data/Images13/Images_1732867526022993_left.jpg,0.0,0.4,0,12.076
/home/cpsvision/cps843_project/Data/Images13/Images_1732867526106623_center.jpg,/home/cpsvision/cps843_project/Data/Images13/Images_1732867526106623_right.jpg,/home/cpsvision/cps843_project/Data/Images13/Images_1732867526106623_left.jpg,0.0,0.4,0,12.076
/home/cpsvision/cps843_project/Data/Images13/Images_1732867526189844_center.jpg,/home/cpsvision/cps843_project/Data/Images13/Images_1732867526189844_right.jpg,/home/cpsvision/cps843_project/Data/Images13/Images_1732867526189844_left.jpg,0.0,0.4,0,12.076
/home/cpsvision/cps843_project/Data/Images13/Images_173286752627769_center.jpg,/home/cpsvision/cps843_project/Data/Images13/Images_173286752627769_right.jpg,/home/cpsvision/cps843_project/Data/Images13/Images_173286752627769_left.jpg,0.0,0.4,0,12.076
/home/cpsvision/cps843_project/Data/Images13/Images_173286752635927_center.jpg,/home/cpsvision/cps843_project/Data/Images13/Images_173286752635927_right.jpg,/home/cpsvision/cps843_project/Data/Images13/Images_173286752635927_left.jpg,0.0,0.4,0,12.076
/home/cpsvision/cps843_project/Data/Images13/Images_1732867526532142_center.jpg,/home/cpsvision/cps843_project/Data/Images13/Images_1732867526532142_right.jpg,/home/cpsvision/cps843_project/Data/Images13/Images_1732867526532142_left.jpg,0.0,0.4,0,12.076
/home/cpsvision/cps843_project/Data/Images13/Images_1732867526715188_center.jpg,/home/cpsvision/cps843_project/Data/Images13/Images_1732867526715188_right.jpg,/home/cpsvision/cps843_project/Data/Images13/Images_1732867526715188_left.jpg,0.0,0.4,0,12.076
/home/cpsvision/cps843_project/Data/Images13/Images_1732867526910358_center.jpg,/home/cpsvision/cps843_project/Data/Images13/Images_1732867526910358_right.jpg,/home/cpsvision/cps843_project/Data/Images13/Images_1732867526910358_left.jpg,0.0,0.4,0,12.076
/home/cpsvision/cps843_project/Data/Images13/Images_1732867549108365_center.jpg,/home/cpsvision/cps843_project/Data/Images13/Images_1732867549108365_right.jpg,/home/cpsvision/cps843_project/Data/Images13/Images_1732867549108365_left.jpg,0.0,0.4,0,12.076
/home/cpsvision/cps843_project/Data/Images13/Images_173286754919201_center.jpg,/home/cpsvision/cps843_project/Data/Images13/Images_173286754919201_right.jpg,/home/cpsvision/cps843_project/Data/Images13/Images_173286754919201_left.jpg,0.0,0.4,0,12.076
/home/cpsvision/cps843_project/Data/Images13/Images_173286754927088_center.jpg,/home/cpsvision/cps843_project/Data/Images13/Images_173286754927088_right.jpg,/home/cpsvision/cps843_project/Data/Images13/Images_173286754927088_left.jpg,0.0,0.4,0,12.076
/home/cpsvision/cps843_project/Data/Images13/Images_1732867549346038_center.jpg,/home/cpsvision/cps843_project/Data/Images13/Images_1732867549346038_right.jpg,/home/cpsvision/cps843_project/Data/Images13/Images_1732867549346038_left.jpg,0.0,0.4,0,12.076
/home/cpsvision/cps843_project/Data/Images13/Images_1732867549423846_center.jpg,/home/cpsvision/cps843_project/Data/Images13/Images_1732867549423846_right.jpg,/home/cpsvision/cps843_project/Data/Images13/Images_1732867549423846_left.jpg,0.0,0.4,0,12.076
/home/cpsvision/cps843_project/Data/Images13/Images_1732867549499577_center.jpg,/home/cpsvision/cps843_project/Data/Images13/Images_1732867549499577_right.jpg,/home/cpsvision/cps843_project/Data/Images13/Images_1732867549499577_left.jpg,0.0,0.4,0,12.076
/home/cpsvision/cps843_project/Data/Images13/Images_1732867549578283_center.jpg,/home/cpsvision/cps843_project/Data/Images13/Images_1732867549578283_right.jpg,/home/cpsvision/cps843_project/Data/Images13/Images_1732867549578283_left.jpg,0.0,0.4,0,12.076
/home/cpsvision/cps843_project/Data/Images13/Images_1732867549655512_center.jpg,/home/cpsvision/cps843_project/Data/Images13/Images_1732867549655512_right.jpg,/home/cpsvision/cps843_project/Data/Images13/Images_1732867549655512_left.jpg,0.0,0.4,0,12.076
/home/cpsvision/cps843_project/Data/Images13/Images_1732867549735318_center.jpg,/home/cpsvision/cps843_project/Data/Images13/Images_1732867549735318_right.jpg,/home/cpsvision/cps843_project/Data/Images13/Images_1732867549735318_left.jpg,0.0,0.4,0,12.076
/home/cpsvision/cps843_project/Data/Images13/Images_1732867549814879_center.jpg,/home/cpsvision/cps843_project/Data/Images13/Images_1732867549814879_right.jpg,/home/cpsvision/cps843_project/Data/Images13/Images_1732867549814879_left.jpg,0.0,0.4,0,12.076
/home/cpsvision/cps843_project/Data/Images13/Images_1732867549891227_center.jpg,/home/cpsvision/cps843_project/Data/Images13/Images_1732867549891227_right.jpg,/home/cpsvision/cps843_project/Data/Images13/Images_1732867549891227_left.jpg,0.0,0.4,0,12.076
/home/cpsvision/cps843_project/Data/Images13/Images_1732867549965018_center.jpg,/home/cpsvision/cps843_project/Data/Images13/Images_1732867549965018_right.jpg,/home/cpsvision/cps843_project/Data/Images13/Images_1732867549965018_left.jpg,0.0,0.4,0,12.076
/home/cpsvision/cps843_project/Data/Images13/Images_1732867550042827_center.jpg,/home/cpsvision/cps843_project/Data/Images13/Images_1732867550042827_right.jpg,/home/cpsvision/cps843_project/Data/Images13/Images_1732867550042827_left.jpg,0.0,0.4,0,12.076
/home/cpsvision/cps843_project/Data/Images13/Images_1732867550230155_center.jpg,/home/cpsvision/cps843_project/Data/Images13/Images_1732867550230155_right.jpg,/home/cpsvision/cps843_project/Data/Images13/Images_1732867550230155_left.jpg,0.0,0.4,0,12.076
/home/cpsvision/cps843_project/Data/Images13/Images_1732867550410118_center.jpg,/home/cpsvision/cps843_project/Data/Images13/Images_1732867550410118_right.jpg,/home/cpsvision/cps843_project/Data/Images13/Images_1732867550410118_left.jpg,0.0,0.4,0,12.076
/home/cpsvision/cps843_project/Data/Images13/Images_1732867550588505_center.jpg,/home/cpsvision/cps843_project/Data/Images13/Images_1732867550588505_right.jpg,/home/cpsvision/cps843_project/Data/Images13/Images_1732867550588505_left.jpg,0.0,0.4,0,12.076
/home/cpsvision/cps843_project/Data/Images13/Images_173286755077194_center.jpg,/home/cpsvision/cps843_project/Data/Images13/Images_173286755077194_right.jpg,/home/cpsvision/cps843_project/Data/Images13/Images_173286755077194_left.jpg,0.0,0.4,0,12.076
/home/cpsvision/cps843_project/Data/Images13/Images_1732867550954703_center.jpg,/home/cpsvision/cps843_project/Data/Images13/Images_1732867550954703_right.jpg,/home/cpsvision/cps843_project/Data/Images13/Images_1732867550954703_left.jpg,0.0,0.4,0,12.076
/home/cpsvision/cps843_project/Data/Images13/Images_1732867551141133_center.jpg,/home/cpsvision/cps843_project/Data/Images13/Images_1732867551141133_right.jpg,/home/cpsvision/cps843_project/Data/Images13/Images_1732867551141133_left.jpg,0.0,0.4,0,12.076
/home/cpsvision/cps843_project/Data/Images13/Images_1732867551321253_center.jpg,/home/cpsvision/cps843_project/Data/Images13/Images_1732867551321253_right.jpg,/home/cpsvision/cps843_project/Data/Images13/Images_1732867551321253_left.jpg,0.0,0.4,0,12.076
/home/cpsvision/cps843_project/Data/Images13/Images_1732867551507399_center.jpg,/home/cpsvision/cps843_project/Data/Images13/Images_1732867551507399_right.jpg,/home/cpsvision/cps843_project/Data/Images13/Images_1732867551507399_left.jpg,0.0,0.4,0,12.076
/home/cpsvision/cps843_project/Data/Images13/Images_1732867551689777_center.jpg,/home/cpsvision/cps843_project/Data/Images13/Images_1732867551689777_right.jpg,/home/cpsvision/cps843_project/Data/Images13/Images_1732867551689777_left.jpg,0.0,0.4,0,12.076
/home/cpsvision/cps843_project/Data/Images13/Images_1732867551871364_center.jpg,/home/cpsvision/cps843_project/Data/Images13/Images_1732867551871364_right.jpg,/home/cpsvision/cps843_project/Data/Images13/Images_1732867551871364_left.jpg,0.0,0.4,0,12.076
/home/cpsvision/cps843_project/Data/Images13/Images_1732867552061364_center.jpg,/home/cpsvision/cps843_project/Data/Images13/Images_1732867552061364_right.jpg,/home/cpsvision/cps843_project/Data/Images13/Images_1732867552061364_left.jpg,0.0,0.4,0,12.076
/home/cpsvision/cps843_project/Data/Images13/Images_1732867552254966_center.jpg,/home/cpsvision/cps843_project/Data/Images13/Images_1732867552254966_right.jpg,/home/cpsvision/cps843_project/Data/Images13/Images_1732867552254966_left.jpg,0.0,0.4,0,12.076
/home/cpsvision/cps843_project/Data/Images13/Images_1732867552443907_center.jpg,/home/cpsvision/cps843_project/Data/Images13/Images_1732867552443907_right.jpg,/home/cpsvision/cps843_project/Data/Images13/Images_1732867552443907_left.jpg,0.0,0.4,0,12.076
/home/cpsvision/cps843_project/Data/Images13/Images_1732867552631302_center.jpg,/home/cpsvision/cps843_project/Data/Images13/Images_1732867552631302_right.jpg,/home/cpsvision/cps843_project/Data/Images13/Images_1732867552631302_left.jpg,0.0,0.4,0,12.076
/home/cpsvision/cps843_project/Data/Images13/Images_1732867552722885_center.jpg,/home/cpsvision/cps843_project/Data/Images13/Images_1732867552722885_right.jpg,/home/cpsvision/cps843_project/Data/Images13/Images_1732867552722885_left.jpg,0.0,0.4,0,12.076
/home/cpsvision/cps843_project/Data/Images13/Images_1732867552802216_center.jpg,/home/cpsvision/cps843_project/Data/Images13/Images_1732867552802216_right.jpg,/home/cpsvision/cps843_project/Data/Images13/Images_1732867552802216_left.jpg,0.0,0.4,0,12.076
/home/cpsvision/cps843_project/Data/Images13/Images_1732867552883607_center.jpg,/home/cpsvision/cps843_project/Data/Images13/Images_1732867552883607_right.jpg,/home/cpsvision/cps843_project/Data/Images13/Images_1732867552883607_left.jpg,0.0,0.4,0,12.076
/home/cpsvision/cps843_project/Data/Images13/Images_1732867552971307_center.jpg,/home/cpsvision/cps843_project/Data/Images13/Images_1732867552971307_right.jpg,/home/cpsvision/cps843_project/Data/Images13/Images_1732867552971307_left.jpg,0.0,0.4,0,12.076
/home/cpsvision/cps843_project/Data/Images13/Images_1732867553149114_center.jpg,/home/cpsvision/cps843_project/Data/Images13/Images_1732867553149114_right.jpg,/home/cpsvision/cps843_project/Data/Images13/Images_1732867553149114_left.jpg,0.5,0.2,0,6.038
/home/cpsvision/cps843_project/Data/Images13/Images_1732867553235721_center.jpg,/home/cpsvision/cps843_project/Data/Images13/Images_1732867553235721_right.jpg,/home/cpsvision/cps843_project/Data/Images13/Images_1732867553235721_left.jpg,0.5,0.2,0,6.038
/home/cpsvision/cps843_project/Data/Images13/Images_1732867553417155_center.jpg,/home/cpsvision/cps843_project/Data/Images13/Images_1732867553417155_right.jpg,/home/cpsvision/cps843_project/Data/Images13/Images_1732867553417155_left.jpg,0.5,0.2,0,6.038
/home/cpsvision/cps843_project/Data/Images13/Images_1732867553602096_center.jpg,/home/cpsvision/cps843_project/Data/Images13/Images_1732867553602096_right.jpg,/home/cpsvision/cps843_project/Data/Images13/Images_1732867553602096_left.jpg,0.5,0.2,0,6.038
/home/cpsvision/cps843_project/Data/Images13/Images_1732867553683944_center.jpg,/home/cpsvision/cps843_project/Data/Images13/Images_1732867553683944_right.jpg,/home/cpsvision/cps843_project/Data/Images13/Images_1732867553683944_left.jpg,0.5,0.2,0,6.038
/home/cpsvision/cps843_project/Data/Images13/Images_1732867553771119_center.jpg,/home/cpsvision/cps843_project/Data/Images13/Images_1732867553771119_right.jpg,/home/cpsvision/cps843_project/Data/Images13/Images_1732867553771119_left.jpg,0.5,0.2,0,6.038
/home/cpsvision/cps843_project/Data/Images13/Images_1732867553851945_center.jpg,/home/cpsvision/cps843_project/Data/Images13/Images_1732867553851945_right.jpg,/home/cpsvision/cps843_project/Data/Images13/Images_1732867553851945_left.jpg,0.5,0.2,0,6.038
/home/cpsvision/cps843_project/Data/Images13/Images_1732867554035122_center.jpg,/home/cpsvision/cps843_project/Data/Images13/Images_1732867554035122_right.jpg,/home/cpsvision/cps843_project/Data/Images13/Images_1732867554035122_left.jpg,0.0,0.4,0,12.076
/home/cpsvision/cps843_project/Data/Images13/Images_1732867554220391_center.jpg,/home/cpsvision/cps843_project/Data/Images13/Images_1732867554220391_right.jpg,/home/cpsvision/cps843_project/Data/Images13/Images_1732867554220391_left.jpg,0.0,0.4,0,12.076
/home/cpsvision/cps843_project/Data/Images13/Images_1732867554410289_center.jpg,/home/cpsvision/cps843_project/Data/Images13/Images_1732867554410289_right.jpg,/home/cpsvision/cps843_project/Data/Images13/Images_1732867554410289_left.jpg,0.0,0.4,0,12.076
/home/cpsvision/cps843_project/Data/Images13/Images_1732867554503012_center.jpg,/home/cpsvision/cps843_project/Data/Images13/Images_1732867554503012_right.jpg,/home/cpsvision/cps843_project/Data/Images13/Images_1732867554503012_left.jpg,0.0,0.4,0,12.076
/home/cpsvision/cps843_project/Data/Images13/Images_1732867554592308_center.jpg,/home/cpsvision/cps843_project/Data/Images13/Images_1732867554592308_right.jpg,/home/cpsvision/cps843_project/Data/Images13/Images_1732867554592308_left.jpg,0.0,0.4,0,12.076
/home/cpsvision/cps843_project/Data/Images13/Images_1732867554773197_center.jpg,/home/cpsvision/cps843_project/Data/Images13/Images_1732867554773197_right.jpg,/home/cpsvision/cps843_project/Data/Images13/Images_1732867554773197_left.jpg,0.5,0.2,0,6.038
/home/cpsvision/cps843_project/Data/Images13/Images_1732867554976984_center.jpg,/home/cpsvision/cps843_project/Data/Images13/Images_1732867554976984_right.jpg,/home/cpsvision/cps843_project/Data/Images13/Images_1732867554976984_left.jpg,0.5,0.2,0,6.038
/home/cpsvision/cps843_project/Data/Images13/Images_1732867555076258_center.jpg,/home/cpsvision/cps843_project/Data/Images13/Images_1732867555076258_right.jpg,/home/cpsvision/cps843_project/Data/Images13/Images_1732867555076258_left.jpg,0.5,0.2,0,6.038
/home/cpsvision/cps843_project/Data/Images13/Images_1732867555269234_center.jpg,/home/cpsvision/cps843_project/Data/Images13/Images_1732867555269234_right.jpg,/home/cpsvision/cps843_project/Data/Images13/Images_1732867555269234_left.jpg,0.0,0.4,0,12.076
/home/cpsvision/cps843_project/Data/Images13/Images_173286755545762_center.jpg,/home/cpsvision/cps843_project/Data/Images13/Images_173286755545762_right.jpg,/home/cpsvision/cps843_project/Data/Images13/Images_173286755545762_left.jpg,0.0,0.4,0,12.076
/home/cpsvision/cps843_project/Data/Images13/Images_1732867555653913_center.jpg,/home/cpsvision/cps843_project/Data/Images13/Images_1732867555653913_right.jpg,/home/cpsvision/cps843_project/Data/Images13/Images_1732867555653913_left.jpg,-0.5,0.2,0,6.038
/home/cpsvision/cps843_project/Data/Images13/Images_173286755574579_center.jpg,/home/cpsvision/cps843_project/Data/Images13/Images_173286755574579_right.jpg,/home/cpsvision/cps843_project/Data/Images13/Images_173286755574579_left.jpg,-0.5,0.2,0,6.038
/home/cpsvision/cps843_project/Data/Images13/Images_1732867555830654_center.jpg,/home/cpsvision/cps843_project/Data/Images13/Images_1732867555830654_right.jpg,/home/cpsvision/cps843_project/Data/Images13/Images_1732867555830654_left.jpg,-0.5,0.2,0,6.038
/home/cpsvision/cps843_project/Data/Images13/Images_1732867556012016_center.jpg,/home/cpsvision/cps843_project/Data/Images13/Images_1732867556012016_right.jpg,/home/cpsvision/cps843_project/Data/Images13/Images_1732867556012016_left.jpg,0.0,0.4,0,12.076
/home/cpsvision/cps843_project/Data/Images13/Images_1732867556196022_center.jpg,/home/cpsvision/cps843_project/Data/Images13/Images_1732867556196022_right.jpg,/home/cpsvision/cps843_project/Data/Images13/Images_1732867556196022_left.jpg,0.0,0.4,0,12.076
/home/cpsvision/cps843_project/Data/Images13/Images_1732867556292591_center.jpg,/home/cpsvision/cps843_project/Data/Images13/Images_1732867556292591_right.jpg,/home/cpsvision/cps843_project/Data/Images13/Images_1732867556292591_left.jpg,0.0,0.4,0,12.076
/home/cpsvision/cps843_project/Data/Images13/Images_1732867556374005_center.jpg,/home/cpsvision/cps843_project/Data/Images13/Images_1732867556374005_right.jpg,/home/cpsvision/cps843_project/Data/Images13/Images_1732867556374005_left.jpg,0.0,0.4,0,12.076
/home/cpsvision/cps843_project/Data/Images13/Images_1732867556471126_center.jpg,/home/cpsvision/cps843_project/Data/Images13/Images_1732867556471126_right.jpg,/home/cpsvision/cps843_project/Data/Images13/Images_1732867556471126_left.jpg,0.0,0.4,0,12.076
/home/cpsvision/cps843_project/Data/Images13/Images_1732867556555427_center.jpg,/home/cpsvision/cps843_project/Data/Images13/Images_1732867556555427_right.jpg,/home/cpsvision/cps843_project/Data/Images13/Images_1732867556555427_left.jpg,0.0,0.4,0,12.076
/home/cpsvision/cps843_project/Data/Images13/Images_1732867556642945_center.jpg,/home/cpsvision/cps843_project/Data/Images13/Images_1732867556642945_right.jpg,/home/cpsvision/cps843_project/Data/Images13/Images_1732867556642945_left.jpg,0.0,0.4,0,12.076
/home/cpsvision/cps843_project/Data/Images13/Images_1732867556731231_center.jpg,/home/cpsvision/cps843_project/Data/Images13/Images_1732867556731231_right.jpg,/home/cpsvision/cps843_project/Data/Images13/Images_1732867556731231_left.jpg,0.0,0.4,0,12.076
/home/cpsvision/cps843_project/Data/Images13/Images_1732867556817096_center.jpg,/home/cpsvision/cps843_project/Data/Images13/Images_1732867556817096_right.jpg,/home/cpsvision/cps843_project/Data/Images13/Images_1732867556817096_left.jpg,0.0,0.4,0,12.076
/home/cpsvision/cps843_project/Data/Images13/Images_1732867556901664_center.jpg,/home/cpsvision/cps843_project/Data/Images13/Images_1732867556901664_right.jpg,/home/cpsvision/cps843_project/Data/Images13/Images_1732867556901664_left.jpg,0.0,0.4,0,12.076
/home/cpsvision/cps843_project/Data/Images13/Images_1732867556983912_center.jpg,/home/cpsvision/cps843_project/Data/Images13/Images_1732867556983912_right.jpg,/home/cpsvision/cps843_project/Data/Images13/Images_1732867556983912_left.jpg,0.0,0.4,0,12.076
/home/cpsvision/cps843_project/Data/Images13/Images_1732867557071296_center.jpg,/home/cpsvision/cps843_project/Data/Images13/Images_1732867557071296_right.jpg,/home/cpsvision/cps843_project/Data/Images13/Images_1732867557071296_left.jpg,0.0,0.4,0,12.076
/home/cpsvision/cps843_project/Data/Images13/Images_1732867557161224_center.jpg,/home/cpsvision/cps843_project/Data/Images13/Images_1732867557161224_right.jpg,/home/cpsvision/cps843_project/Data/Images13/Images_1732867557161224_left.jpg,0.0,0.4,0,12.076
/home/cpsvision/cps843_project/Data/Images13/Images_1732867557355835_center.jpg,/home/cpsvision/cps843_project/Data/Images13/Images_1732867557355835_right.jpg,/home/cpsvision/cps843_project/Data/Images13/Images_1732867557355835_left.jpg,0.5,0.2,0,6.038
/home/cpsvision/cps843_project/Data/Images13/Images_1732867557443883_center.jpg,/home/cpsvision/cps843_project/Data/Images13/Images_1732867557443883_right.jpg,/home/cpsvision/cps843_project/Data/Images13/Images_1732867557443883_left.jpg,0.5,0.2,0,6.038
/home/cpsvision/cps843_project/Data/Images13/Images_1732867557532134_center.jpg,/home/cpsvision/cps843_project/Data/Images13/Images_1732867557532134_right.jpg,/home/cpsvision/cps843_project/Data/Images13/Images_1732867557532134_left.jpg,0.5,0.2,0,6.038
/home/cpsvision/cps843_project/Data/Images13/Images_1732867557612978_center.jpg,/home/cpsvision/cps843_project/Data/Images13/Images_1732867557612978_right.jpg,/home/cpsvision/cps843_project/Data/Images13/Images_1732867557612978_left.jpg,0.5,0.2,0,6.038
/home/cpsvision/cps843_project/Data/Images13/Images_1732867557695079_center.jpg,/home/cpsvision/cps843_project/Data/Images13/Images_1732867557695079_right.jpg,/home/cpsvision/cps843_project/Data/Images13/Images_1732867557695079_left.jpg,0.5,0.2,0,6.038
/home/cpsvision/cps843_project/Data/Images13/Images_1732867557874407_center.jpg,/home/cpsvision/cps843_project/Data/Images13/Images_1732867557874407_right.jpg,/home/cpsvision/cps843_project/Data/Images13/Images_1732867557874407_left.jpg,0.0,0.4,0,12.076
/home/cpsvision/cps843_project/Data/Images13/Images_1732867558064958_center.jpg,/home/cpsvision/cps843_project/Data/Images13/Images_1732867558064958_right.jpg,/home/cpsvision/cps843_project/Data/Images13/Images_1732867558064958_left.jpg,0.0,0.4,0,12.076
/home/cpsvision/cps843_project/Data/Images13/Images_1732867558249268_center.jpg,/home/cpsvision/cps843_project/Data/Images13/Images_1732867558249268_right.jpg,/home/cpsvision/cps843_project/Data/Images13/Images_1732867558249268_left.jpg,0.0,0.4,0,12.076
/home/cpsvision/cps843_project/Data/Images13/Images_1732867558436078_center.jpg,/home/cpsvision/cps843_project/Data/Images13/Images_1732867558436078_right.jpg,/home/cpsvision/cps843_project/Data/Images13/Images_1732867558436078_left.jpg,0.0,0.4,0,12.076
/home/cpsvision/cps843_project/Data/Images13/Images_1732867558623254_center.jpg,/home/cpsvision/cps843_project/Data/Images13/Images_1732867558623254_right.jpg,/home/cpsvision/cps843_project/Data/Images13/Images_1732867558623254_left.jpg,0.0,0.4,0,12.076
/home/cpsvision/cps843_project/Data/Images13/Images_1732867558818018_center.jpg,/home/cpsvision/cps843_project/Data/Images13/Images_1732867558818018_right.jpg,/home/cpsvision/cps843_project/Data/Images13/Images_1732867558818018_left.jpg,0.0,0.4,0,12.076
/home/cpsvision/cps843_project/Data/Images13/Images_1732867559003637_center.jpg,/home/cpsvision/cps843_project/Data/Images13/Images_1732867559003637_right.jpg,/home/cpsvision/cps843_project/Data/Images13/Images_1732867559003637_left.jpg,0.0,0.4,0,12.076
/home/cpsvision/cps843_project/Data/Images13/Images_1732867559197516_center.jpg,/home/cpsvision/cps843_project/Data/Images13/Images_1732867559197516_right.jpg,/home/cpsvision/cps843_project/Data/Images13/Images_1732867559197516_left.jpg,0.0,0.4,0,12.076
/home/cpsvision/cps843_project/Data/Images13/Images_1732867559392078_center.jpg,/home/cpsvision/cps843_project/Data/Images13/Images_1732867559392078_right.jpg,/home/cpsvision/cps843_project/Data/Images13/Images_1732867559392078_left.jpg,0.0,0.4,0,12.076
/home/cpsvision/cps843_project/Data/Images13/Images_1732867559590004_center.jpg,/home/cpsvision/cps843_project/Data/Images13/Images_1732867559590004_right.jpg,/home/cpsvision/cps843_project/Data/Images13/Images_1732867559590004_left.jpg,0.0,0.4,0,12.076
/home/cpsvision/cps843_project/Data/Images13/Images_1732867559782068_center.jpg,/home/cpsvision/cps843_project/Data/Images13/Images_1732867559782068_right.jpg,/home/cpsvision/cps843_project/Data/Images13/Images_1732867559782068_left.jpg,0.0,0.4,0,12.076
/home/cpsvision/cps843_project/Data/Images13/Images_1732867559975808_center.jpg,/home/cpsvision/cps843_project/Data/Images13/Images_1732867559975808_right.jpg,/home/cpsvision/cps843_project/Data/Images13/Images_1732867559975808_left.jpg,0.0,0.4,0,12.076
/home/cpsvision/cps843_project/Data/Images13/Images_1732867560168182_center.jpg,/home/cpsvision/cps843_project/Data/Images13/Images_1732867560168182_right.jpg,/home/cpsvision/cps843_project/Data/Images13/Images_1732867560168182_left.jpg,0.0,0.4,0,12.076
/home/cpsvision/cps843_project/Data/Images13/Images_1732867560356096_center.jpg,/home/cpsvision/cps843_project/Data/Images13/Images_1732867560356096_right.jpg,/home/cpsvision/cps843_project/Data/Images13/Images_1732867560356096_left.jpg,0.0,0.4,0,12.076
/home/cpsvision/cps843_project/Data/Images13/Images_173286756054588_center.jpg,/home/cpsvision/cps843_project/Data/Images13/Images_173286756054588_right.jpg,/home/cpsvision/cps843_project/Data/Images13/Images_173286756054588_left.jpg,0.0,0.4,0,12.076
/home/cpsvision/cps843_project/Data/Images13/Images_1732867560750308_center.jpg,/home/cpsvision/cps843_project/Data/Images13/Images_1732867560750308_right.jpg,/home/cpsvision/cps843_project/Data/Images13/Images_1732867560750308_left.jpg,0.0,0.4,0,12.076
/home/cpsvision/cps843_project/Data/Images13/Images_1732867560930511_center.jpg,/home/cpsvision/cps843_project/Data/Images13/Images_1732867560930511_right.jpg,/home/cpsvision/cps843_project/Data/Images13/Images_1732867560930511_left.jpg,0.0,0.4,0,12.076
/home/cpsvision/cps843_project/Data/Images13/Images_1732867561015499_center.jpg,/home/cpsvision/cps843_project/Data/Images13/Images_1732867561015499_right.jpg,/home/cpsvision/cps843_project/Data/Images13/Images_1732867561015499_left.jpg,0.0,0.4,0,12.076
/home/cpsvision/cps843_project/Data/Images13/Images_1732867561093119_center.jpg,/home/cpsvision/cps843_project/Data/Images13/Images_1732867561093119_right.jpg,/home/cpsvision/cps843_project/Data/Images13/Images_1732867561093119_left.jpg,0.0,0.4,0,12.076
/home/cpsvision/cps843_project/Data/Images13/Images_1732867561167182_center.jpg,/home/cpsvision/cps843_project/Data/Images13/Images_1732867561167182_right.jpg,/home/cpsvision/cps843_project/Data/Images13/Images_1732867561167182_left.jpg,0.0,0.4,0,12.076
/home/cpsvision/cps843_project/Data/Images13/Images_1732867561244138_center.jpg,/home/cpsvision/cps843_project/Data/Images13/Images_1732867561244138_right.jpg,/home/cpsvision/cps843_project/Data/Images13/Images_1732867561244138_left.jpg,0.0,0.4,0,12.076
/home/cpsvision/cps843_project/Data/Images13/Images_1732867561325059_center.jpg,/home/cpsvision/cps843_project/Data/Images13/Images_1732867561325059_right.jpg,/home/cpsvision/cps843_project/Data/Images13/Images_1732867561325059_left.jpg,0.0,0.4,0,12.076
/home/cpsvision/cps843_project/Data/Images13/Images_1732867584717342_center.jpg,/home/cpsvision/cps843_project/Data/Images13/Images_1732867584717342_right.jpg,/home/cpsvision/cps843_project/Data/Images13/Images_1732867584717342_left.jpg,0.0,0.4,0,12.076
/home/cpsvision/cps843_project/Data/Images13/Images_1732867584794161_center.jpg,/home/cpsvision/cps843_project/Data/Images13/Images_1732867584794161_right.jpg,/home/cpsvision/cps843_project/Data/Images13/Images_1732867584794161_left.jpg,0.0,0.4,0,12.076
/home/cpsvision/cps843_project/Data/Images13/Images_1732867584871287_center.jpg,/home/cpsvision/cps843_project/Data/Images13/Images_1732867584871287_right.jpg,/home/cpsvision/cps843_project/Data/Images13/Images_1732867584871287_left.jpg,0.0,0.4,0,12.076
/home/cpsvision/cps843_project/Data/Images13/Images_17328675849503_center.jpg,/home/cpsvision/cps843_project/Data/Images13/Images_17328675849503_right.jpg,/home/cpsvision/cps843_project/Data/Images13/Images_17328675849503_left.jpg,0.0,0.4,0,12.076
/home/cpsvision/cps843_project/Data/Images13/Images_1732867585023235_center.jpg,/home/cpsvision/cps843_project/Data/Images13/Images_1732867585023235_right.jpg,/home/cpsvision/cps843_project/Data/Images13/Images_1732867585023235_left.jpg,0.0,0.4,0,12.076
/home/cpsvision/cps843_project/Data/Images13/Images_1732867585099985_center.jpg,/home/cpsvision/cps843_project/Data/Images13/Images_1732867585099985_right.jpg,/home/cpsvision/cps843_project/Data/Images13/Images_1732867585099985_left.jpg,0.0,0.4,0,12.076
/home/cpsvision/cps843_project/Data/Images13/Images_173286758517913_center.jpg,/home/cpsvision/cps843_project/Data/Images13/Images_173286758517913_right.jpg,/home/cpsvision/cps843_project/Data/Images13/Images_173286758517913_left.jpg,0.0,0.4,0,12.076
/home/cpsvision/cps843_project/Data/Images13/Images_1732867585352217_center.jpg,/home/cpsvision/cps843_project/Data/Images13/Images_1732867585352217_right.jpg,/home/cpsvision/cps843_project/Data/Images13/Images_1732867585352217_left.jpg,0.0,0.4,0,12.076
/home/cpsvision/cps843_project/Data/Images13/Images_1732867585533994_center.jpg,/home/cpsvision/cps843_project/Data/Images13/Images_1732867585533994_right.jpg,/home/cpsvision/cps843_project/Data/Images13/Images_1732867585533994_left.jpg,0.0,0.4,0,12.076
/home/cpsvision/cps843_project/Data/Images13/Images_1732867585724067_center.jpg,/home/cpsvision/cps843_project/Data/Images13/Images_1732867585724067_right.jpg,/home/cpsvision/cps843_project/Data/Images13/Images_1732867585724067_left.jpg,0.0,0.4,0,12.076
/home/cpsvision/cps843_project/Data/Images13/Images_1732867585920769_center.jpg,/home/cpsvision/cps843_project/Data/Images13/Images_1732867585920769_right.jpg,/home/cpsvision/cps843_project/Data/Images13/Images_1732867585920769_left.jpg,0.0,0.4,0,12.076
/home/cpsvision/cps843_project/Data/Images13/Images_1732867586110022_center.jpg,/home/cpsvision/cps843_project/Data/Images13/Images_1732867586110022_right.jpg,/home/cpsvision/cps843_project/Data/Images13/Images_1732867586110022_left.jpg,0.0,0.4,0,12.076
/home/cpsvision/cps843_project/Data/Images13/Images_1732867586284619_center.jpg,/home/cpsvision/cps843_project/Data/Images13/Images_1732867586284619_right.jpg,/home/cpsvision/cps843_project/Data/Images13/Images_1732867586284619_left.jpg,0.0,0.4,0,12.076
/home/cpsvision/cps843_project/Data/Images13/Images_1732867586481446_center.jpg,/home/cpsvision/cps843_project/Data/Images13/Images_1732867586481446_right.jpg,/home/cpsvision/cps843_project/Data/Images13/Images_1732867586481446_left.jpg,0.0,0.4,0,12.076
/home/cpsvision/cps843_project/Data/Images13/Images_1732867586664372_center.jpg,/home/cpsvision/cps843_project/Data/Images13/Images_1732867586664372_right.jpg,/home/cpsvision/cps843_project/Data/Images13/Images_1732867586664372_left.jpg,0.0,0.4,0,12.076
/home/cpsvision/cps843_project/Data/Images13/Images_1732867586744194_center.jpg,/home/cpsvision/cps843_project/Data/Images13/Images_1732867586744194_right.jpg,/home/cpsvision/cps843_project/Data/Images13/Images_1732867586744194_left.jpg,0.0,0.4,0,12.076
/home/cpsvision/cps843_project/Data/Images13/Images_1732867586924863_center.jpg,/home/cpsvision/cps843_project/Data/Images13/Images_1732867586924863_right.jpg,/home/cpsvision/cps843_project/Data/Images13/Images_1732867586924863_left.jpg,-0.5,0.2,0,6.038
/home/cpsvision/cps843_project/Data/Images13/Images_1732867587010845_center.jpg,/home/cpsvision/cps843_project/Data/Images13/Images_1732867587010845_right.jpg,/home/cpsvision/cps843_project/Data/Images13/Images_1732867587010845_left.jpg,-0.5,0.2,0,6.038
/home/cpsvision/cps843_project/Data/Images13/Images_1732867587091856_center.jpg,/home/cpsvision/cps843_project/Data/Images13/Images_1732867587091856_right.jpg,/home/cpsvision/cps843_project/Data/Images13/Images_1732867587091856_left.jpg,-0.5,0.2,0,6.038
/home/cpsvision/cps843_project/Data/Images13/Images_1732867587277544_center.jpg,/home/cpsvision/cps843_project/Data/Images13/Images_1732867587277544_right.jpg,/home/cpsvision/cps843_project/Data/Images13/Images_1732867587277544_left.jpg,0.0,0.4,0,12.076
/home/cpsvision/cps843_project/Data/Images13/Images_173286758736187_center.jpg,/home/cpsvision/cps843_project/Data/Images13/Images_173286758736187_right.jpg,/home/cpsvision/cps843_project/Data/Images13/Images_173286758736187_left.jpg,0.0,0.4,0,12.076
/home/cpsvision/cps843_project/Data/Images13/Images_1732867587540724_center.jpg,/home/cpsvision/cps843_project/Data/Images13/Images_1732867587540724_right.jpg,/home/cpsvision/cps843_project/Data/Images13/Images_1732867587540724_left.jpg,0.0,-0.4,0,-12.076
/home/cpsvision/cps843_project/Data/Images13/Images_173286758763278_center.jpg,/home/cpsvision/cps843_project/Data/Images13/Images_173286758763278_right.jpg,/home/cpsvision/cps843_project/Data/Images13/Images_173286758763278_left.jpg,0.0,-0.4,0,-12.076
/home/cpsvision/cps843_project/Data/Images13/Images_1732867587823053_center.jpg,/home/cpsvision/cps843_project/Data/Images13/Images_1732867587823053_right.jpg,/home/cpsvision/cps843_project/Data/Images13/Images_1732867587823053_left.jpg,0.5,0.2,0,6.038
/home/cpsvision/cps843_project/Data/Images13/Images_1732867587901156_center.jpg,/home/cpsvision/cps843_project/Data/Images13/Images_1732867587901156_right.jpg,/home/cpsvision/cps843_project/Data/Images13/Images_1732867587901156_left.jpg,0.5,0.2,0,6.038
/home/cpsvision/cps843_project/Data/Images13/Images_1732867587976802_center.jpg,/home/cpsvision/cps843_project/Data/Images13/Images_1732867587976802_right.jpg,/home/cpsvision/cps843_project/Data/Images13/Images_1732867587976802_left.jpg,0.5,0.2,0,6.038
/home/cpsvision/cps843_project/Data/Images13/Images_1732867588058595_center.jpg,/home/cpsvision/cps843_project/Data/Images13/Images_1732867588058595_right.jpg,/home/cpsvision/cps843_project/Data/Images13/Images_1732867588058595_left.jpg,0.5,0.2,0,6.038
/home/cpsvision/cps843_project/Data/Images13/Images_1732867588145829_center.jpg,/home/cpsvision/cps843_project/Data/Images13/Images_1732867588145829_right.jpg,/home/cpsvision/cps843_project/Data/Images13/Images_1732867588145829_left.jpg,0.5,0.2,0,6.038
/home/cpsvision/cps843_project/Data/Images13/Images_1732867588222733_center.jpg,/home/cpsvision/cps843_project/Data/Images13/Images_1732867588222733_right.jpg,/home/cpsvision/cps843_project/Data/Images13/Images_1732867588222733_left.jpg,0.5,0.2,0,6.038
/home/cpsvision/cps843_project/Data/Images13/Images_1732867588404849_center.jpg,/home/cpsvision/cps843_project/Data/Images13/Images_1732867588404849_right.jpg,/home/cpsvision/cps843_project/Data/Images13/Images_1732867588404849_left.jpg,0.0,0.4,0,12.076
/home/cpsvision/cps843_project/Data/Images13/Images_1732867588587277_center.jpg,/home/cpsvision/cps843_project/Data/Images13/Images_1732867588587277_right.jpg,/home/cpsvision/cps843_project/Data/Images13/Images_1732867588587277_left.jpg,0.0,0.4,0,12.076
/home/cpsvision/cps843_project/Data/Images13/Images_1732867588772247_center.jpg,/home/cpsvision/cps843_project/Data/Images13/Images_1732867588772247_right.jpg,/home/cpsvision/cps843_project/Data/Images13/Images_1732867588772247_left.jpg,0.0,0.4,0,12.076
/home/cpsvision/cps843_project/Data/Images13/Images_1732867588964165_center.jpg,/home/cpsvision/cps843_project/Data/Images13/Images_1732867588964165_right.jpg,/home/cpsvision/cps843_project/Data/Images13/Images_1732867588964165_left.jpg,0.0,0.4,0,12.076
/home/cpsvision/cps843_project/Data/Images13/Images_1732867589149785_center.jpg,/home/cpsvision/cps843_project/Data/Images13/Images_1732867589149785_right.jpg,/home/cpsvision/cps843_project/Data/Images13/Images_1732867589149785_left.jpg,0.0,0.4,0,12.076
/home/cpsvision/cps843_project/Data/Images13/Images_1732867589348424_center.jpg,/home/cpsvision/cps843_project/Data/Images13/Images_1732867589348424_right.jpg,/home/cpsvision/cps843_project/Data/Images13/Images_1732867589348424_left.jpg,0.0,0.4,0,12.076
/home/cpsvision/cps843_project/Data/Images13/Images_1732867589530065_center.jpg,/home/cpsvision/cps843_project/Data/Images13/Images_1732867589530065_right.jpg,/home/cpsvision/cps843_project/Data/Images13/Images_1732867589530065_left.jpg,0.0,0.4,0,12.076
/home/cpsvision/cps843_project/Data/Images13/Images_1732867589715233_center.jpg,/home/cpsvision/cps843_project/Data/Images13/Images_1732867589715233_right.jpg,/home/cpsvision/cps843_project/Data/Images13/Images_1732867589715233_left.jpg,0.0,0.4,0,12.076
/home/cpsvision/cps843_project/Data/Images13/Images_1732867589907386_center.jpg,/home/cpsvision/cps843_project/Data/Images13/Images_1732867589907386_right.jpg,/home/cpsvision/cps843_project/Data/Images13/Images_1732867589907386_left.jpg,0.0,0.4,0,12.076
/home/cpsvision/cps843_project/Data/Images13/Images_1732867590088763_center.jpg,/home/cpsvision/cps843_project/Data/Images13/Images_1732867590088763_right.jpg,/home/cpsvision/cps843_project/Data/Images13/Images_1732867590088763_left.jpg,0.0,0.4,0,12.076
/home/cpsvision/cps843_project/Data/Images13/Images_173286759028216_center.jpg,/home/cpsvision/cps843_project/Data/Images13/Images_173286759028216_right.jpg,/home/cpsvision/cps843_project/Data/Images13/Images_173286759028216_left.jpg,0.0,0.4,0,12.076
/home/cpsvision/cps843_project/Data/Images13/Images_1732867590460335_center.jpg,/home/cpsvision/cps843_project/Data/Images13/Images_1732867590460335_right.jpg,/home/cpsvision/cps843_project/Data/Images13/Images_1732867590460335_left.jpg,0.0,0.4,0,12.076
/home/cpsvision/cps843_project/Data/Images13/Images_1732867590644995_center.jpg,/home/cpsvision/cps843_project/Data/Images13/Images_1732867590644995_right.jpg,/home/cpsvision/cps843_project/Data/Images13/Images_1732867590644995_left.jpg,0.0,0.4,0,12.076
/home/cpsvision/cps843_project/Data/Images13/Images_1732867590729173_center.jpg,/home/cpsvision/cps843_project/Data/Images13/Images_1732867590729173_right.jpg,/home/cpsvision/cps843_project/Data/Images13/Images_1732867590729173_left.jpg,0.0,0.4,0,12.076
/home/cpsvision/cps843_project/Data/Images13/Images_1732867590920847_center.jpg,/home/cpsvision/cps843_project/Data/Images13/Images_1732867590920847_right.jpg,/home/cpsvision/cps843_project/Data/Images13/Images_1732867590920847_left.jpg,-0.5,0.2,0,6.038
/home/cpsvision/cps843_project/Data/Images13/Images_1732867591001474_center.jpg,/home/cpsvision/cps843_project/Data/Images13/Images_1732867591001474_right.jpg,/home/cpsvision/cps843_project/Data/Images13/Images_1732867591001474_left.jpg,-0.5,0.2,0,6.038
/home/cpsvision/cps843_project/Data/Images13/Images_1732867591202665_center.jpg,/home/cpsvision/cps843_project/Data/Images13/Images_1732867591202665_right.jpg,/home/cpsvision/cps843_project/Data/Images13/Images_1732867591202665_left.jpg,-0.5,0.2,0,6.038
/home/cpsvision/cps843_project/Data/Images13/Images_1732867591307833_center.jpg,/home/cpsvision/cps843_project/Data/Images13/Images_1732867591307833_right.jpg,/home/cpsvision/cps843_project/Data/Images13/Images_1732867591307833_left.jpg,-0.5,0.2,0,6.038
/home/cpsvision/cps843_project/Data/Images13/Images_1732867591389213_center.jpg,/home/cpsvision/cps843_project/Data/Images13/Images_1732867591389213_right.jpg,/home/cpsvision/cps843_project/Data/Images13/Images_1732867591389213_left.jpg,-0.5,0.2,0,6.038
/home/cpsvision/cps843_project/Data/Images13/Images_1732867591467665_center.jpg,/home/cpsvision/cps843_project/Data/Images13/Images_1732867591467665_right.jpg,/home/cpsvision/cps843_project/Data/Images13/Images_1732867591467665_left.jpg,-0.5,0.2,0,6.038
/home/cpsvision/cps843_project/Data/Images13/Images_1732867591649717_center.jpg,/home/cpsvision/cps843_project/Data/Images13/Images_1732867591649717_right.jpg,/home/cpsvision/cps843_project/Data/Images13/Images_1732867591649717_left.jpg,0.0,0.4,0,12.076
/home/cpsvision/cps843_project/Data/Images13/Images_1732867591836349_center.jpg,/home/cpsvision/cps843_project/Data/Images13/Images_1732867591836349_right.jpg,/home/cpsvision/cps843_project/Data/Images13/Images_1732867591836349_left.jpg,0.0,0.4,0,12.076
/home/cpsvision/cps843_project/Data/Images13/Images_1732867592018756_center.jpg,/home/cpsvision/cps843_project/Data/Images13/Images_1732867592018756_right.jpg,/home/cpsvision/cps843_project/Data/Images13/Images_1732867592018756_left.jpg,0.0,0.4,0,12.076
/home/cpsvision/cps843_project/Data/Images13/Images_1732867592106212_center.jpg,/home/cpsvision/cps843_project/Data/Images13/Images_1732867592106212_right.jpg,/home/cpsvision/cps843_project/Data/Images13/Images_1732867592106212_left.jpg,0.0,0.4,0,12.076
/home/cpsvision/cps843_project/Data/Images13/Images_173286759219117_center.jpg,/home/cpsvision/cps843_project/Data/Images13/Images_173286759219117_right.jpg,/home/cpsvision/cps843_project/Data/Images13/Images_173286759219117_left.jpg,0.0,0.4,0,12.076
/home/cpsvision/cps843_project/Data/Images13/Images_1732867592278605_center.jpg,/home/cpsvision/cps843_project/Data/Images13/Images_1732867592278605_right.jpg,/home/cpsvision/cps843_project/Data/Images13/Images_1732867592278605_left.jpg,0.0,0.4,0,12.076
/home/cpsvision/cps843_project/Data/Images13/Images_1732867592473518_center.jpg,/home/cpsvision/cps843_project/Data/Images13/Images_1732867592473518_right.jpg,/home/cpsvision/cps843_project/Data/Images13/Images_1732867592473518_left.jpg,-0.5,0.2,0,6.038
/home/cpsvision/cps843_project/Data/Images13/Images_1732867592659458_center.jpg,/home/cpsvision/cps843_project/Data/Images13/Images_1732867592659458_right.jpg,/home/cpsvision/cps843_project/Data/Images13/Images_1732867592659458_left.jpg,-0.5,0.2,0,6.038
/home/cpsvision/cps843_project/Data/Images13/Images_1732867592850608_center.jpg,/home/cpsvision/cps843_project/Data/Images13/Images_1732867592850608_right.jpg,/home/cpsvision/cps843_project/Data/Images13/Images_1732867592850608_left.jpg,-0.5,0.2,0,6.038
/home/cpsvision/cps843_project/Data/Images13/Images_1732867592932549_center.jpg,/home/cpsvision/cps843_project/Data/Images13/Images_1732867592932549_right.jpg,/home/cpsvision/cps843_project/Data/Images13/Images_1732867592932549_left.jpg,-0.5,0.2,0,6.038
/home/cpsvision/cps843_project/Data/Images13/Images_17328675930154_center.jpg,/home/cpsvision/cps843_project/Data/Images13/Images_17328675930154_right.jpg,/home/cpsvision/cps843_project/Data/Images13/Images_17328675930154_left.jpg,-0.5,0.2,0,6.038
/home/cpsvision/cps843_project/Data/Images13/Images_1732867593090999_center.jpg,/home/cpsvision/cps843_project/Data/Images13/Images_1732867593090999_right.jpg,/home/cpsvision/cps843_project/Data/Images13/Images_1732867593090999_left.jpg,-0.5,0.2,0,6.038
/home/cpsvision/cps843_project/Data/Images13/Images_1732867593176443_center.jpg,/home/cpsvision/cps843_project/Data/Images13/Images_1732867593176443_right.jpg,/home/cpsvision/cps843_project/Data/Images13/Images_1732867593176443_left.jpg,-0.5,0.2,0,6.038
/home/cpsvision/cps843_project/Data/Images13/Images_1732867593256176_center.jpg,/home/cpsvision/cps843_project/Data/Images13/Images_1732867593256176_right.jpg,/home/cpsvision/cps843_project/Data/Images13/Images_1732867593256176_left.jpg,-0.5,0.2,0,6.038
/home/cpsvision/cps843_project/Data/Images13/Images_1732867593434945_center.jpg,/home/cpsvision/cps843_project/Data/Images13/Images_1732867593434945_right.jpg,/home/cpsvision/cps843_project/Data/Images13/Images_1732867593434945_left.jpg,0.5,0.2,0,6.038
/home/cpsvision/cps843_project/Data/Images13/Images_1732867593511159_center.jpg,/home/cpsvision/cps843_project/Data/Images13/Images_1732867593511159_right.jpg,/home/cpsvision/cps843_project/Data/Images13/Images_1732867593511159_left.jpg,0.5,0.2,0,6.038
/home/cpsvision/cps843_project/Data/Images13/Images_1732867593588313_center.jpg,/home/cpsvision/cps843_project/Data/Images13/Images_1732867593588313_right.jpg,/home/cpsvision/cps843_project/Data/Images13/Images_1732867593588313_left.jpg,0.5,0.2,0,6.038
/home/cpsvision/cps843_project/Data/Images13/Images_1732867593676492_center.jpg,/home/cpsvision/cps843_project/Data/Images13/Images_1732867593676492_right.jpg,/home/cpsvision/cps843_project/Data/Images13/Images_1732867593676492_left.jpg,0.5,0.2,0,6.038
/home/cpsvision/cps843_project/Data/Images13/Images_1732867593859388_center.jpg,/home/cpsvision/cps843_project/Data/Images13/Images_1732867593859388_right.jpg,/home/cpsvision/cps843_project/Data/Images13/Images_1732867593859388_left.jpg,0.0,0.4,0,12.076
/home/cpsvision/cps843_project/Data/Images13/Images_1732867594034111_center.jpg,/home/cpsvision/cps843_project/Data/Images13/Images_1732867594034111_right.jpg,/home/cpsvision/cps843_project/Data/Images13/Images_1732867594034111_left.jpg,0.0,0.4,0,12.076
/home/cpsvision/cps843_project/Data/Images13/Images_1732867594221165_center.jpg,/home/cpsvision/cps843_project/Data/Images13/Images_1732867594221165_right.jpg,/home/cpsvision/cps843_project/Data/Images13/Images_1732867594221165_left.jpg,0.0,0.4,0,12.076
/home/cpsvision/cps843_project/Data/Images13/Images_1732867594413496_center.jpg,/home/cpsvision/cps843_project/Data/Images13/Images_1732867594413496_right.jpg,/home/cpsvision/cps843_project/Data/Images13/Images_1732867594413496_left.jpg,0.0,0.4,0,12.076
/home/cpsvision/cps843_project/Data/Images13/Images_1732867594615822_center.jpg,/home/cpsvision/cps843_project/Data/Images13/Images_1732867594615822_right.jpg,/home/cpsvision/cps843_project/Data/Images13/Images_1732867594615822_left.jpg,0.0,0.4,0,12.076
/home/cpsvision/cps843_project/Data/Images13/Images_1732867594800649_center.jpg,/home/cpsvision/cps843_project/Data/Images13/Images_1732867594800649_right.jpg,/home/cpsvision/cps843_project/Data/Images13/Images_1732867594800649_left.jpg,0.0,0.4,0,12.076
/home/cpsvision/cps843_project/Data/Images13/Images_1732867595001331_center.jpg,/home/cpsvision/cps843_project/Data/Images13/Images_1732867595001331_right.jpg,/home/cpsvision/cps843_project/Data/Images13/Images_1732867595001331_left.jpg,0.0,0.4,0,12.076
/home/cpsvision/cps843_project/Data/Images13/Images_1732867595196474_center.jpg,/home/cpsvision/cps843_project/Data/Images13/Images_1732867595196474_right.jpg,/home/cpsvision/cps843_project/Data/Images13/Images_1732867595196474_left.jpg,0.0,0.4,0,12.076
/home/cpsvision/cps843_project/Data/Images13/Images_1732867595379544_center.jpg,/home/cpsvision/cps843_project/Data/Images13/Images_1732867595379544_right.jpg,/home/cpsvision/cps843_project/Data/Images13/Images_1732867595379544_left.jpg,0.0,0.4,0,12.076
/home/cpsvision/cps843_project/Data/Images13/Images_1732867628191451_center.jpg,/home/cpsvision/cps843_project/Data/Images13/Images_1732867628191451_right.jpg,/home/cpsvision/cps843_project/Data/Images13/Images_1732867628191451_left.jpg,0.0,-0.4,0,-12.076
/home/cpsvision/cps843_project/Data/Images13/Images_1732867628270359_center.jpg,/home/cpsvision/cps843_project/Data/Images13/Images_1732867628270359_right.jpg,/home/cpsvision/cps843_project/Data/Images13/Images_1732867628270359_left.jpg,0.0,-0.4,0,-12.076
/home/cpsvision/cps843_project/Data/Images13/Images_1732867628347208_center.jpg,/home/cpsvision/cps843_project/Data/Images13/Images_1732867628347208_right.jpg,/home/cpsvision/cps843_project/Data/Images13/Images_1732867628347208_left.jpg,0.0,-0.4,0,-12.076
/home/cpsvision/cps843_project/Data/Images13/Images_1732867628423243_center.jpg,/home/cpsvision/cps843_project/Data/Images13/Images_1732867628423243_right.jpg,/home/cpsvision/cps843_project/Data/Images13/Images_1732867628423243_left.jpg,0.0,-0.4,0,-12.076
/home/cpsvision/cps843_project/Data/Images13/Images_1732867628495989_center.jpg,/home/cpsvision/cps843_project/Data/Images13/Images_1732867628495989_right.jpg,/home/cpsvision/cps843_project/Data/Images13/Images_1732867628495989_left.jpg,0.0,-0.4,0,-12.076
/home/cpsvision/cps843_project/Data/Images13/Images_1732867628573409_center.jpg,/home/cpsvision/cps843_project/Data/Images13/Images_1732867628573409_right.jpg,/home/cpsvision/cps843_project/Data/Images13/Images_1732867628573409_left.jpg,0.0,-0.4,0,-12.076
/home/cpsvision/cps843_project/Data/Images13/Images_173286762865467_center.jpg,/home/cpsvision/cps843_project/Data/Images13/Images_173286762865467_right.jpg,/home/cpsvision/cps843_project/Data/Images13/Images_173286762865467_left.jpg,0.0,-0.4,0,-12.076
/home/cpsvision/cps843_project/Data/Images13/Images_1732867628735602_center.jpg,/home/cpsvision/cps843_project/Data/Images13/Images_1732867628735602_right.jpg,/home/cpsvision/cps843_project/Data/Images13/Images_1732867628735602_left.jpg,0.0,-0.4,0,-12.076
/home/cpsvision/cps843_project/Data/Images13/Images_173286762881254_center.jpg,/home/cpsvision/cps843_project/Data/Images13/Images_173286762881254_right.jpg,/home/cpsvision/cps843_project/Data/Images13/Images_173286762881254_left.jpg,0.0,-0.4,0,-12.076
/home/cpsvision/cps843_project/Data/Images13/Images_1732867628888066_center.jpg,/home/cpsvision/cps843_project/Data/Images13/Images_1732867628888066_right.jpg,/home/cpsvision/cps843_project/Data/Images13/Images_1732867628888066_left.jpg,0.0,-0.4,0,-12.076
/home/cpsvision/cps843_project/Data/Images13/Images_1732867628965948_center.jpg,/home/cpsvision/cps843_project/Data/Images13/Images_1732867628965948_right.jpg,/home/cpsvision/cps843_project/Data/Images13/Images_1732867628965948_left.jpg,0.0,-0.4,0,-12.076
/home/cpsvision/cps843_project/Data/Images13/Images_1732867629142632_center.jpg,/home/cpsvision/cps843_project/Data/Images13/Images_1732867629142632_right.jpg,/home/cpsvision/cps843_project/Data/Images13/Images_1732867629142632_left.jpg,0.0,0.4,0,12.076
/home/cpsvision/cps843_project/Data/Images13/Images_1732867629335922_center.jpg,/home/cpsvision/cps843_project/Data/Images13/Images_1732867629335922_right.jpg,/home/cpsvision/cps843_project/Data/Images13/Images_1732867629335922_left.jpg,0.0,0.4,0,12.076
/home/cpsvision/cps843_project/Data/Images13/Images_173286762952461_center.jpg,/home/cpsvision/cps843_project/Data/Images13/Images_173286762952461_right.jpg,/home/cpsvision/cps843_project/Data/Images13/Images_173286762952461_left.jpg,0.0,0.4,0,12.076
/home/cpsvision/cps843_project/Data/Images13/Images_1732867629708968_center.jpg,/home/cpsvision/cps843_project/Data/Images13/Images_1732867629708968_right.jpg,/home/cpsvision/cps843_project/Data/Images13/Images_1732867629708968_left.jpg,0.0,0.4,0,12.076
/home/cpsvision/cps843_project/Data/Images13/Images_1732867629896699_center.jpg,/home/cpsvision/cps843_project/Data/Images13/Images_1732867629896699_right.jpg,/home/cpsvision/cps843_project/Data/Images13/Images_1732867629896699_left.jpg,0.0,0.4,0,12.076
/home/cpsvision/cps843_project/Data/Images13/Images_1732867630079507_center.jpg,/home/cpsvision/cps843_project/Data/Images13/Images_1732867630079507_right.jpg,/home/cpsvision/cps843_project/Data/Images13/Images_1732867630079507_left.jpg,0.0,0.4,0,12.076
/home/cpsvision/cps843_project/Data/Images13/Images_1732867630282398_center.jpg,/home/cpsvision/cps843_project/Data/Images13/Images_1732867630282398_right.jpg,/home/cpsvision/cps843_project/Data/Images13/Images_1732867630282398_left.jpg,0.0,0.4,0,12.076
/home/cpsvision/cps843_project/Data/Images13/Images_1732867630468238_center.jpg,/home/cpsvision/cps843_project/Data/Images13/Images_1732867630468238_right.jpg,/home/cpsvision/cps843_project/Data/Images13/Images_1732867630468238_left.jpg,0.0,0.4,0,12.076
/home/cpsvision/cps843_project/Data/Images13/Images_1732867630658198_center.jpg,/home/cpsvision/cps843_project/Data/Images13/Images_1732867630658198_right.jpg,/home/cpsvision/cps843_project/Data/Images13/Images_1732867630658198_left.jpg,0.0,0.4,0,12.076
/home/cpsvision/cps843_project/Data/Images13/Images_1732867630855174_center.jpg,/home/cpsvision/cps843_project/Data/Images13/Images_1732867630855174_right.jpg,/home/cpsvision/cps843_project/Data/Images13/Images_1732867630855174_left.jpg,0.0,0.4,0,12.076
/home/cpsvision/cps843_project/Data/Images13/Images_1732867631057706_center.jpg,/home/cpsvision/cps843_project/Data/Images13/Images_1732867631057706_right.jpg,/home/cpsvision/cps843_project/Data/Images13/Images_1732867631057706_left.jpg,0.0,0.4,0,12.076
/home/cpsvision/cps843_project/Data/Images13/Images_1732867631255539_center.jpg,/home/cpsvision/cps843_project/Data/Images13/Images_1732867631255539_right.jpg,/home/cpsvision/cps843_project/Data/Images13/Images_1732867631255539_left.jpg,0.0,0.4,0,12.076
/home/cpsvision/cps843_project/Data/Images13/Images_1732867631441411_center.jpg,/home/cpsvision/cps843_project/Data/Images13/Images_1732867631441411_right.jpg,/home/cpsvision/cps843_project/Data/Images13/Images_1732867631441411_left.jpg,0.0,0.4,0,12.076
/home/cpsvision/cps843_project/Data/Images13/Images_1732867631630413_center.jpg,/home/cpsvision/cps843_project/Data/Images13/Images_1732867631630413_right.jpg,/home/cpsvision/cps843_project/Data/Images13/Images_1732867631630413_left.jpg,0.0,0.4,0,12.076
/home/cpsvision/cps843_project/Data/Images13/Images_1732867631809985_center.jpg,/home/cpsvision/cps843_project/Data/Images13/Images_1732867631809985_right.jpg,/home/cpsvision/cps843_project/Data/Images13/Images_1732867631809985_left.jpg,0.0,0.4,0,12.076
/home/cpsvision/cps843_project/Data/Images13/Images_1732867631991605_center.jpg,/home/cpsvision/cps843_project/Data/Images13/Images_1732867631991605_right.jpg,/home/cpsvision/cps843_project/Data/Images13/Images_1732867631991605_left.jpg,0.0,0.4,0,12.076
/home/cpsvision/cps843_project/Data/Images13/Images_1732867632179618_center.jpg,/home/cpsvision/cps843_project/Data/Images13/Images_1732867632179618_right.jpg,/home/cpsvision/cps843_project/Data/Images13/Images_1732867632179618_left.jpg,0.0,0.4,0,12.076
/home/cpsvision/cps843_project/Data/Images13/Images_1732867632252535_center.jpg,/home/cpsvision/cps843_project/Data/Images13/Images_1732867632252535_right.jpg,/home/cpsvision/cps843_project/Data/Images13/Images_1732867632252535_left.jpg,0.0,0.4,0,12.076
/home/cpsvision/cps843_project/Data/Images13/Images_1732867632332794_center.jpg,/home/cpsvision/cps843_project/Data/Images13/Images_1732867632332794_right.jpg,/home/cpsvision/cps843_project/Data/Images13/Images_1732867632332794_left.jpg,0.0,0.4,0,12.076
/home/cpsvision/cps843_project/Data/Images13/Images_173286763241386_center.jpg,/home/cpsvision/cps843_project/Data/Images13/Images_173286763241386_right.jpg,/home/cpsvision/cps843_project/Data/Images13/Images_173286763241386_left.jpg,0.0,0.4,0,12.076
/home/cpsvision/cps843_project/Data/Images13/Images_1732867632491454_center.jpg,/home/cpsvision/cps843_project/Data/Images13/Images_1732867632491454_right.jpg,/home/cpsvision/cps843_project/Data/Images13/Images_1732867632491454_left.jpg,0.0,0.4,0,12.076
/home/cpsvision/cps843_project/Data/Images13/Images_1732867632567616_center.jpg,/home/cpsvision/cps843_project/Data/Images13/Images_1732867632567616_right.jpg,/home/cpsvision/cps843_project/Data/Images13/Images_1732867632567616_left.jpg,0.0,0.4,0,12.076
/home/cpsvision/cps843_project/Data/Images13/Images_1732867632645765_center.jpg,/home/cpsvision/cps843_project/Data/Images13/Images_1732867632645765_right.jpg,/home/cpsvision/cps843_project/Data/Images13/Images_1732867632645765_left.jpg,0.0,0.4,0,12.076
/home/cpsvision/cps843_project/Data/Images13/Images_1732867632724034_center.jpg,/home/cpsvision/cps843_project/Data/Images13/Images_1732867632724034_right.jpg,/home/cpsvision/cps843_project/Data/Images13/Images_1732867632724034_left.jpg,0.0,0.4,0,12.076
/home/cpsvision/cps843_project/Data/Images13/Images_1732867632801959_center.jpg,/home/cpsvision/cps843_project/Data/Images13/Images_1732867632801959_right.jpg,/home/cpsvision/cps843_project/Data/Images13/Images_1732867632801959_left.jpg,0.0,0.4,0,12.076
/home/cpsvision/cps843_project/Data/Images13/Images_1732867632987165_center.jpg,/home/cpsvision/cps843_project/Data/Images13/Images_1732867632987165_right.jpg,/home/cpsvision/cps843_project/Data/Images13/Images_1732867632987165_left.jpg,-0.5,0.2,0,6.038
/home/cpsvision/cps843_project/Data/Images13/Images_1732867633070092_center.jpg,/home/cpsvision/cps843_project/Data/Images13/Images_1732867633070092_right.jpg,/home/cpsvision/cps843_project/Data/Images13/Images_1732867633070092_left.jpg,-0.5,0.2,0,6.038
/home/cpsvision/cps843_project/Data/Images13/Images_1732867633150601_center.jpg,/home/cpsvision/cps843_project/Data/Images13/Images_1732867633150601_right.jpg,/home/cpsvision/cps843_project/Data/Images13/Images_1732867633150601_left.jpg,-0.5,0.2,0,6.038
/home/cpsvision/cps843_project/Data/Images13/Images_173286763323208_center.jpg,/home/cpsvision/cps843_project/Data/Images13/Images_173286763323208_right.jpg,/home/cpsvision/cps843_project/Data/Images13/Images_173286763323208_left.jpg,-0.5,0.2,0,6.038
/home/cpsvision/cps843_project/Data/Images13/Images_1732867633424515_center.jpg,/home/cpsvision/cps843_project/Data/Images13/Images_1732867633424515_right.jpg,/home/cpsvision/cps843_project/Data/Images13/Images_1732867633424515_left.jpg,-0.5,0.2,0,6.038
/home/cpsvision/cps843_project/Data/Images13/Images_1732867633507001_center.jpg,/home/cpsvision/cps843_project/Data/Images13/Images_1732867633507001_right.jpg,/home/cpsvision/cps843_project/Data/Images13/Images_1732867633507001_left.jpg,-0.5,0.2,0,6.038
/home/cpsvision/cps843_project/Data/Images13/Images_1732867633583189_center.jpg,/home/cpsvision/cps843_project/Data/Images13/Images_1732867633583189_right.jpg,/home/cpsvision/cps843_project/Data/Images13/Images_1732867633583189_left.jpg,-0.5,0.2,0,6.038
/home/cpsvision/cps843_project/Data/Images13/Images_1732867633767418_center.jpg,/home/cpsvision/cps843_project/Data/Images13/Images_1732867633767418_right.jpg,/home/cpsvision/cps843_project/Data/Images13/Images_1732867633767418_left.jpg,0.0,0.4,0,12.076
/home/cpsvision/cps843_project/Data/Images13/Images_1732867633948264_center.jpg,/home/cpsvision/cps843_project/Data/Images13/Images_1732867633948264_right.jpg,/home/cpsvision/cps843_project/Data/Images13/Images_1732867633948264_left.jpg,0.0,0.4,0,12.076
/home/cpsvision/cps843_project/Data/Images13/Images_1732867634143611_center.jpg,/home/cpsvision/cps843_project/Data/Images13/Images_1732867634143611_right.jpg,/home/cpsvision/cps843_project/Data/Images13/Images_1732867634143611_left.jpg,0.0,0.4,0,12.076
/home/cpsvision/cps843_project/Data/Images13/Images_1732867634326152_center.jpg,/home/cpsvision/cps843_project/Data/Images13/Images_1732867634326152_right.jpg,/home/cpsvision/cps843_project/Data/Images13/Images_1732867634326152_left.jpg,0.0,0.4,0,12.076
/home/cpsvision/cps843_project/Data/Images13/Images_1732867634518555_center.jpg,/home/cpsvision/cps843_project/Data/Images13/Images_1732867634518555_right.jpg,/home/cpsvision/cps843_project/Data/Images13/Images_1732867634518555_left.jpg,-0.5,0.2,0,6.038
/home/cpsvision/cps843_project/Data/Images13/Images_1732867634595251_center.jpg,/home/cpsvision/cps843_project/Data/Images13/Images_1732867634595251_right.jpg,/home/cpsvision/cps843_project/Data/Images13/Images_1732867634595251_left.jpg,-0.5,0.2,0,6.038
/home/cpsvision/cps843_project/Data/Images13/Images_1732867634682647_center.jpg,/home/cpsvision/cps843_project/Data/Images13/Images_1732867634682647_right.jpg,/home/cpsvision/cps843_project/Data/Images13/Images_1732867634682647_left.jpg,-0.5,0.2,0,6.038
/home/cpsvision/cps843_project/Data/Images13/Images_1732867634868373_center.jpg,/home/cpsvision/cps843_project/Data/Images13/Images_1732867634868373_right.jpg,/home/cpsvision/cps843_project/Data/Images13/Images_1732867634868373_left.jpg,-0.5,0.2,0,6.038
/home/cpsvision/cps843_project/Data/Images13/Images_1732867635048365_center.jpg,/home/cpsvision/cps843_project/Data/Images13/Images_1732867635048365_right.jpg,/home/cpsvision/cps843_project/Data/Images13/Images_1732867635048365_left.jpg,-0.5,0.2,0,6.038
/home/cpsvision/cps843_project/Data/Images13/Images_1732867635138219_center.jpg,/home/cpsvision/cps843_project/Data/Images13/Images_1732867635138219_right.jpg,/home/cpsvision/cps843_project/Data/Images13/Images_1732867635138219_left.jpg,-0.5,0.2,0,6.038
/home/cpsvision/cps843_project/Data/Images13/Images_1732867635217457_center.jpg,/home/cpsvision/cps843_project/Data/Images13/Images_1732867635217457_right.jpg,/home/cpsvision/cps843_project/Data/Images13/Images_1732867635217457_left.jpg,-0.5,0.2,0,6.038
/home/cpsvision/cps843_project/Data/Images13/Images_1732867635304635_center.jpg,/home/cpsvision/cps843_project/Data/Images13/Images_1732867635304635_right.jpg,/home/cpsvision/cps843_project/Data/Images13/Images_1732867635304635_left.jpg,-0.5,0.2,0,6.038
/home/cpsvision/cps843_project/Data/Images13/Images_1732867635385625_center.jpg,/home/cpsvision/cps843_project/Data/Images13/Images_1732867635385625_right.jpg,/home/cpsvision/cps843_project/Data/Images13/Images_1732867635385625_left.jpg,-0.5,0.2,0,6.038
/home/cpsvision/cps843_project/Data/Images13/Images_1732867635464384_center.jpg,/home/cpsvision/cps843_project/Data/Images13/Images_1732867635464384_right.jpg,/home/cpsvision/cps843_project/Data/Images13/Images_1732867635464384_left.jpg,-0.5,0.2,0,6.038
/home/cpsvision/cps843_project/Data/Images13/Images_1732867635646449_center.jpg,/home/cpsvision/cps843_project/Data/Images13/Images_1732867635646449_right.jpg,/home/cpsvision/cps843_project/Data/Images13/Images_1732867635646449_left.jpg,0.0,0.4,0,12.076
/home/cpsvision/cps843_project/Data/Images13/Images_1732867635838727_center.jpg,/home/cpsvision/cps843_project/Data/Images13/Images_1732867635838727_right.jpg,/home/cpsvision/cps843_project/Data/Images13/Images_1732867635838727_left.jpg,0.0,0.4,0,12.076
/home/cpsvision/cps843_project/Data/Images13/Images_1732867636024082_center.jpg,/home/cpsvision/cps843_project/Data/Images13/Images_1732867636024082_right.jpg,/home/cpsvision/cps843_project/Data/Images13/Images_1732867636024082_left.jpg,0.0,0.4,0,12.076
/home/cpsvision/cps843_project/Data/Images13/Images_1732867636211514_center.jpg,/home/cpsvision/cps843_project/Data/Images13/Images_1732867636211514_right.jpg,/home/cpsvision/cps843_project/Data/Images13/Images_1732867636211514_left.jpg,0.0,0.4,0,12.076
/home/cpsvision/cps843_project/Data/Images13/Images_1732867636396754_center.jpg,/home/cpsvision/cps843_project/Data/Images13/Images_1732867636396754_right.jpg,/home/cpsvision/cps843_project/Data/Images13/Images_1732867636396754_left.jpg,0.0,0.4,0,12.076
/home/cpsvision/cps843_project/Data/Images13/Images_1732867636578774_center.jpg,/home/cpsvision/cps843_project/Data/Images13/Images_1732867636578774_right.jpg,/home/cpsvision/cps843_project/Data/Images13/Images_1732867636578774_left.jpg,0.0,0.4,0,12.076
/home/cpsvision/cps843_project/Data/Images13/Images_1732867636769787_center.jpg,/home/cpsvision/cps843_project/Data/Images13/Images_1732867636769787_right.jpg,/home/cpsvision/cps843_project/Data/Images13/Images_1732867636769787_left.jpg,0.0,0.4,0,12.076
/home/cpsvision/cps843_project/Data/Images13/Images_1732867636958724_center.jpg,/home/cpsvision/cps843_project/Data/Images13/Images_1732867636958724_right.jpg,/home/cpsvision/cps843_project/Data/Images13/Images_1732867636958724_left.jpg,0.0,0.4,0,12.076
/home/cpsvision/cps843_project/Data/Images13/Images_1732867637137965_center.jpg,/home/cpsvision/cps843_project/Data/Images13/Images_1732867637137965_right.jpg,/home/cpsvision/cps843_project/Data/Images13/Images_1732867637137965_left.jpg,0.0,0.4,0,12.076
/home/cpsvision/cps843_project/Data/Images13/Images_1732867637328866_center.jpg,/home/cpsvision/cps843_project/Data/Images13/Images_1732867637328866_right.jpg,/home/cpsvision/cps843_project/Data/Images13/Images_1732867637328866_left.jpg,0.0,0.4,0,12.076
/home/cpsvision/cps843_project/Data/Images13/Images_1732867637407468_center.jpg,/home/cpsvision/cps843_project/Data/Images13/Images_1732867637407468_right.jpg,/home/cpsvision/cps843_project/Data/Images13/Images_1732867637407468_left.jpg,0.0,0.4,0,12.076
/home/cpsvision/cps843_project/Data/Images13/Images_1732867637487846_center.jpg,/home/cpsvision/cps843_project/Data/Images13/Images_1732867637487846_right.jpg,/home/cpsvision/cps843_project/Data/Images13/Images_1732867637487846_left.jpg,0.0,0.4,0,12.076
/home/cpsvision/cps843_project/Data/Images13/Images_1732867637563655_center.jpg,/home/cpsvision/cps843_project/Data/Images13/Images_1732867637563655_right.jpg,/home/cpsvision/cps843_project/Data/Images13/Images_1732867637563655_left.jpg,0.0,0.4,0,12.076
